{
    "0.0": {
        "hours": 28.47721295999156,
        "len": 9133
    },
    "0.1": {
        "hours": 40.312570933765834,
        "len": 10764
    },
    "0.2": {
        "hours": 49.465416712231104,
        "len": 9971
    },
    "0.3": {
        "hours": 37.18758117814859,
        "len": 12604
    },
    "1.0": {
        "hours": 28.40784367120928,
        "len": 10939
    },
    "2.0": {
        "hours": 51.046652338902156,
        "len": 9942
    },
    "2.1": {
        "hours": 30.028470506237614,
        "len": 10394
    },
    "3.0": {
        "hours": 25.193775926397905,
        "len": 10444
    },
    "4.0": {
        "hours": 29.123333790302276,
        "len": 10994
    },
    "5.0": {
        "hours": 28.017776925232674,
        "len": 11482
    },
    "6.0": {
        "hours": 39.38568467901813,
        "len": 12435
    },
    "7.0": {
        "hours": 28.256272008683947,
        "len": 9907
    },
    "8.0": {
        "hours": 30.859351580076748,
        "len": 10330
    },
    "9.0": {
        "hours": 27.95178737948338,
        "len": 10642
    },
    "11.0": {
        "hours": 24.00685051812066,
        "len": 10363
    },
    "12.0": {
        "hours": 33.42429861671395,
        "len": 9880
    },
    "13.0": {
        "hours": 33.99108878735039,
        "len": 9377
    },
    "19.0": {
        "hours": 30.114108425875504,
        "len": 11278
    },
    "22.0": {
        "hours": 28.109477039277554,
        "len": 10332
    },
    "24.0": {
        "hours": 28.512435092131298,
        "len": 9868
    },
    "25.0": {
        "hours": 16.92910042401817,
        "len": 7922
    },
    "26.0": {
        "hours": 30.44461111638281,
        "len": 11565
    },
    "26.1": {
        "hours": 32.71190442575349,
        "len": 11850
    },
    "27.0": {
        "hours": 28.050979675650595,
        "len": 11213
    },
    "28.0": {
        "hours": 31.053187683489586,
        "len": 10535
    },
    "29.0": {
        "hours": 27.789003159436916,
        "len": 11061
    },
    "30.0": {
        "hours": 29.143664608167278,
        "len": 11312
    },
    "total": {
        "len": 286537,
        "hours": 847.9944401620494
    }
}